aday	tür	sınıf	alt sınıf	lisans	pin	not
hostingdunyam.com.tr	site/ürün	HESAP		—	—	ticari servis/barındırma; hesap ister, skill yok
docs.hazelengine.com	site/ürün	AYRI-UYGULAMA	i	—	—	web sitesi/doküman, kurulacak şey yok
pixellab.ai	site/ürün	HESAP		—	—	pixel-art üretim servisi, hesap/kredi ister; hesaplar.md
stableaudio.com	site/ürün	HESAP		—	—	Stability AI servisi, hesap/API anahtarı ister; hesaplar.md
use.app	site/ürün	HESAP		—	—	ticari servis/barındırma; hesap ister, skill yok
1.2k/day	GitHub repo	RED	gürültü	—	—	OCR/yazım gürültüsü, komut/dosya yolu parçası
1.6k/day	GitHub repo	RED	gürültü	—	—	OCR/yazım gürültüsü, komut/dosya yolu parçası
2.4k/day	GitHub repo	RED	gürültü	—	—	OCR/yazım gürültüsü, komut/dosya yolu parçası
a4/letter	GitHub repo	RED	gürültü	—	—	OCR/yazım gürültüsü, komut/dosya yolu parçası
aacooling	araç adı benzeri	RED	gürültü	—	—	OCR/yazım gürültüsü, komut/dosya yolu parçası
acooling	araç adı benzeri	RED	gürültü	—	—	OCR/yazım gürültüsü, komut/dosya yolu parçası
addyosmani/agent-skillsl	GitHub repo	ZATEN		MIT	—	addyosmani/agent-skills, plugin agent-skills@ kurulu
airdoctors	araç adı benzeri	RED	gürültü	—	—	OCR/yazım gürültüsü, komut/dosya yolu parçası
andy00l/sharetopus	GitHub repo	ÖNERİLMEZ		yok	—	otomatik çoklu sosyal medya paylaşımı; lisans da yok
app.vanta.com	site/ürün	HESAP		ticari	—	Vanta uyumluluk SaaS, hesap ister
b89a4b33bcfcea6e/test-cases	GitHub repo	RED	bulunamadı	—	—	GitHub 404 / OCR bozuğu kurtarılamadı
bagusardin25/teamdynamics	GitHub repo	RED	lisans	yok	—	repoda lisans yok (lisans kapısı); ayrıca skill/plugin değil
bagusardin25/timeora	GitHub repo	RED	lisans	yok	—	repoda lisans yok (lisans kapısı); ayrıca skill/plugin değil
c2pa/metadata	GitHub repo	RED	bulunamadı	—	—	GitHub 404 / OCR bozuğu kurtarılamadı
cal-com-	araç adı benzeri	HESAP		—	—	ticari servis/barındırma; hesap ister, skill yok
cloudinary	araç adı benzeri	HESAP		—	—	ticari servis/barındırma; hesap ister, skill yok
codecrafters-io/build	GitHub repo	RED	lisans	yok	—	repoda lisans yok (lisans kapısı); ayrıca skill/plugin değil
codercup.ai	site/ürün	AYRI-UYGULAMA	i	—	—	web sitesi/doküman, kurulacak şey yok
context7	araç adı benzeri	ZATEN		—	—	MCP context7 + context7 skill kurulu
coversour	araç adı benzeri	RED	gürültü	—	—	OCR/yazım gürültüsü, komut/dosya yolu parçası
crypticsaiyan/polydub	GitHub repo	RED	kapsam	MIT	—	uygulama/kütüphane, SKILL.md/plugin yok
delta.dev	site/ürün	AYRI-UYGULAMA	i	—	—	web sitesi/doküman, kurulacak şey yok
developers.hostinger.com	site/ürün	ZATEN		—	—	hostinger MCP bağlı; deploy-app skill kurulu
dietrichgebert/ponytall	GitHub repo	ZATEN		MIT	—	OCR; DietrichGebert/ponytail, plugin ponytail kurulu
docdance	araç adı benzeri	RED	gürültü	—	—	OCR/yazım gürültüsü, komut/dosya yolu parçası
docs.polyhaven.com	site/ürün	AYRI-UYGULAMA	i	—	—	web sitesi/doküman, kurulacak şey yok
dotnet	araç adı benzeri	RED	gürültü	—	—	OCR/yazım gürültüsü, komut/dosya yolu parçası
dutchman	araç adı benzeri	RED	gürültü	—	—	OCR/yazım gürültüsü, komut/dosya yolu parçası
dutchmar	araç adı benzeri	RED	gürültü	—	—	OCR/yazım gürültüsü, komut/dosya yolu parçası
energycoi	araç adı benzeri	RED	gürültü	—	—	OCR/yazım gürültüsü, komut/dosya yolu parçası
epggifz7.insforge.site	site/ürün	AYRI-UYGULAMA	i	—	—	web sitesi/doküman, kurulacak şey yok
farhank15/mantiz	GitHub repo	RED	kapsam	MIT	—	uygulama/kütüphane, SKILL.md/plugin yok
fix/emoji-base-vs16-gap	GitHub repo	RED	gürültü	—	—	OCR/yazım gürültüsü, komut/dosya yolu parçası
fix/macos-export	GitHub repo	RED	gürültü	—	—	OCR/yazım gürültüsü, komut/dosya yolu parçası
freecodecamp.github.io	site/ürün	AYRI-UYGULAMA	i	—	—	web sitesi/doküman, kurulacak şey yok
garrethbotha.com	site/ürün	AYRI-UYGULAMA	i	—	—	web sitesi/doküman, kurulacak şey yok
gionatannese.com	site/ürün	AYRI-UYGULAMA	i	—	—	web sitesi/doküman, kurulacak şey yok
github-action.d3jiomworrav5x.amplifyapp.com/github-aci	site/ürün	RED	gürültü	—	—	OCR/yazım gürültüsü, komut/dosya yolu parçası
github.com/loginintegration	site/ürün	RED	gürültü	—	—	OCR/yazım gürültüsü, komut/dosya yolu parçası
github.om/paper	GitHub repo	RED	bulunamadı	—	—	GitHub 404 / OCR bozuğu kurtarılamadı
gpui.rs	site/ürün	AYRI-UYGULAMA	ii	Apache-2.0	—	Zed UI çerçevesi (Rust kütüphanesi), skill değil
guillaumemeyer/watermarks-remover	GitHub repo	ÖNERİLMEZ		MIT	c5297e9e6972	AI metin filigranı + C2PA/köken metadatası temizler = tespit atlatma; skill listesine alınmadı
guillaumemeyer/watghmarks-remover	GitHub repo	ÖNERİLMEZ		MIT	c5297e9e6972	AI metin filigranı + C2PA/köken metadatası temizler = tespit atlatma; skill listesine alınmadı
guillaumerbyer/watermarks-remover	GitHub repo	ÖNERİLMEZ		MIT	c5297e9e6972	AI metin filigranı + C2PA/köken metadatası temizler = tespit atlatma; skill listesine alınmadı
ibisworld.com/united	site/ürün	AYRI-UYGULAMA	i	—	—	web sitesi/doküman, kurulacak şey yok
integration/wave-f1	GitHub repo	RED	gürültü	—	—	OCR/yazım gürültüsü, komut/dosya yolu parçası
ls/non-technical	GitHub repo	RED	gürültü	—	—	OCR/yazım gürültüsü, komut/dosya yolu parçası
lxcario/cinepurr-watchtogether	GitHub repo	RED	lisans	yok	—	repoda lisans yok (lisans kapısı); ayrıca skill/plugin değil
m_/s_	GitHub repo	RED	gürültü	—	—	OCR/yazım gürültüsü, komut/dosya yolu parçası
mcp.higgsfielk	site/ürün	HESAP		—	—	OCR; mcp.higgsfield.ai (Higgsfield MCP), hesap ister; hesaplar.md
mcp.higgsfleldl.al	site/ürün	HESAP		—	—	OCR; mcp.higgsfield.ai (Higgsfield MCP), hesap ister; hesaplar.md
mcp.higsfield.ai	site/ürün	HESAP		—	—	OCR; mcp.higgsfield.ai (Higgsfield MCP), hesap ister; hesaplar.md
mcp.hlgsfield.al	site/ürün	HESAP		—	—	OCR; mcp.higgsfield.ai (Higgsfield MCP), hesap ister; hesaplar.md
mordorintelligence.com/industry	site/ürün	AYRI-UYGULAMA	i	—	—	web sitesi/doküman, kurulacak şey yok
no/aigameengine-gpt.git	GitHub repo	RED	bulunamadı	—	—	GitHub 404 / OCR bozuğu kurtarılamadı
ocalhost:3001	araç adı benzeri	RED	gürültü	—	—	OCR/yazım gürültüsü, komut/dosya yolu parçası
ocomfort.:	site/ürün	RED	gürültü	—	—	OCR/yazım gürültüsü, komut/dosya yolu parçası
office.graffico.it	site/ürün	AYRI-UYGULAMA	i	—	—	web sitesi/doküman, kurulacak şey yok
otherworlds/youtube	GitHub repo	RED	bulunamadı	—	—	GitHub 404 / OCR bozuğu kurtarılamadı
out/reels_	GitHub repo	RED	gürültü	—	—	OCR/yazım gürültüsü, komut/dosya yolu parçası
packages/hermes-client	GitHub repo	RED	bulunamadı	—	—	GitHub 404 / OCR bozuğu kurtarılamadı
pagerduty	araç adı benzeri	HESAP		—	—	ticari servis/barındırma; hesap ister, skill yok
pixellab.ai/create	site/ürün	HESAP		—	—	pixel-art üretim servisi, hesap/kredi ister; hesaplar.md
pixellab.ai/objects	site/ürün	HESAP		—	—	pixel-art üretim servisi, hesap/kredi ister; hesaplar.md
pixellab.ai/pixellab	site/ürün	HESAP		—	—	pixel-art üretim servisi, hesap/kredi ister; hesaplar.md
platform.stability.ai	site/ürün	HESAP		—	—	Stability AI servisi, hesap/API anahtarı ister; hesaplar.md
plugins/herald-os-bridge	GitHub repo	RED	bulunamadı	—	—	GitHub 404 / OCR bozuğu kurtarılamadı
pon/hiddon-cc	GitHub repo	RED	bulunamadı	—	—	GitHub 404 / OCR bozuğu kurtarılamadı
qwen/qwen3.8-27b	GitHub repo	RED	bulunamadı	—	—	GitHub 404 / OCR bozuğu kurtarılamadı
radixark/qwen3.8-278-nvfp4-8f16-lmead	GitHub repo	RED	bulunamadı	—	—	GitHub 404 / OCR bozuğu kurtarılamadı
radixark/qwen3.8-27b-nvfp4-8f16-lmhead	GitHub repo	RED	bulunamadı	—	—	GitHub 404 / OCR bozuğu kurtarılamadı
raw.git	site/ürün	RED	gürültü	—	—	OCR/yazım gürültüsü, komut/dosya yolu parçası
revelatio.studio	site/ürün	AYRI-UYGULAMA	i	—	—	web sitesi/doküman, kurulacak şey yok
rusty.com/startwithcho	site/ürün	RED	gürültü	—	—	OCR/yazım gürültüsü, komut/dosya yolu parçası
scenes/levell.bscene	GitHub repo	RED	gürültü	—	—	OCR/yazım gürültüsü, komut/dosya yolu parçası
sketchfab.com/3d	site/ürün	AYRI-UYGULAMA	i	—	—	web sitesi/doküman, kurulacak şey yok
sketchfab.com/3d-models	site/ürün	AYRI-UYGULAMA	i	—	—	web sitesi/doküman, kurulacak şey yok
stability.ai	site/ürün	HESAP		—	—	Stability AI servisi, hesap/API anahtarı ister; hesaplar.md
status.hostingdunyam.net	site/ürün	HESAP		—	—	ticari servis/barındırma; hesap ister, skill yok
strikingly.com	site/ürün	HESAP		—	—	ticari servis/barındırma; hesap ister, skill yok
studio.tripo3d.ai	site/ürün	HESAP		—	—	Tripo 3D üretim servisi, hesap ister; referral linki kullanılmaz
studio.tripo3d.ai/referral	site/ürün	HESAP		—	—	Tripo 3D üretim servisi, hesap ister; referral linki kullanılmaz
studiocherno/coral	GitHub repo	RED	kapsam	MIT	—	uygulama/kütüphane, SKILL.md/plugin yok
tanshvas	araç adı benzeri	RED	gürültü	—	—	OCR/yazım gürültüsü, komut/dosya yolu parçası
tengbao/vanta	GitHub repo	ZATEN		MIT	—	skill vantajs kurulu (vanta kütüphanesi tengbao/vanta 2024)
thechen	araç adı benzeri	RED	gürültü	—	—	OCR/yazım gürültüsü, komut/dosya yolu parçası
thecherno/aigameengine	GitHub repo	RED	bulunamadı	—	—	GitHub 404 / OCR bozuğu kurtarılamadı
tools/check-format	GitHub repo	RED	gürültü	—	—	OCR/yazım gürültüsü, komut/dosya yolu parçası
tripo3d.ai	site/ürün	HESAP		—	—	Tripo 3D üretim servisi, hesap ister; referral linki kullanılmaz
typpo/public-apls	GitHub repo	RED	lisans	yok	—	repoda lisans yok (lisans kapısı); ayrıca skill/plugin değil
uniservea	araç adı benzeri	RED	gürültü	—	—	OCR/yazım gürültüsü, komut/dosya yolu parçası
vantajs.com	site/ürün	ZATEN		MIT	—	skill vantajs kurulu (vanta kütüphanesi tengbao/vanta 2024)
voice/voiceover_style.nd	GitHub repo	RED	gürültü	—	—	OCR/yazım gürültüsü, komut/dosya yolu parçası
wave-d/runtime	GitHub repo	RED	gürültü	—	—	OCR/yazım gürültüsü, komut/dosya yolu parçası
wave-e-skills-docs-games/coinrun	GitHub repo	RED	gürültü	—	—	OCR/yazım gürültüsü, komut/dosya yolu parçası
yashwanth-3000/creator-skill-generator	GitHub repo	RED	lisans	yok	—	repoda lisans yok (lisans kapısı); ayrıca skill/plugin değil
your-app.corn	site/ürün	RED	gürültü	—	—	OCR/yazım gürültüsü, komut/dosya yolu parçası
zed.dev	site/ürün	AYRI-UYGULAMA	ii	GPL/AGPL	—	Zed editörü masaüstü uygulaması; kurulmaz
